{
    "pageFormat": {
        "pageWidth": 80,                                                   
        "pageLength": 50,                                                  
        "usePageLengthFromPrinter": false                                  
    },
    "template": {
        "header": [
            "                                 %{BOLD}Goods Receipt %{BOLD}                                 ",
            "                                 %{BOLD}______________%{BOLD}                                 ",
            ""
        ],
        "detail": [
            "",
            "Tanggal Terima : ${tglterima:17}          Nama           : ${tname:17}",
            "No Penerimaan  : ${noterima:17}          Kode           : ${kode:17}",
            "No Faktur      : ${nofaktur:17}          Kode Supplier  : ${kodesup:17}",
            "Remark         : ${remark:17}          Nama Supplier  : ${namasup:17}",
            "Tanggal PO     : ${tglpo:17}",
            "No PO          : ${nopo:17}",
            "",
            {
                "table": "table_source",                                   
                "border": true,
                "columns": [
                    { "caption": "ARTIKEL", "source": "artikel", "width": 8 },
                    { "caption": "DESKRIPSI", "source": "deskripsi", "width": 17, "wrap": true },
                    { "caption": "HARGA EA.", "source": "satuan", "width": 10 },
                    { "caption": "QTY", "source": "qty", "width": 6 },
                    { "caption": "UoM", "source": "uom", "width": 7 },
                    { "caption": "DPP", "source": "dpp", "width": 10 },
                    { "caption": "PPN", "source": "ppn", "width": 10 },
                    { "caption": "TOTAL HRG", "source": "total", "width": 11 }
                ]
            },
            "                                                  Total       : ${total:15:right}",
            "                                                  ${address1:11} : ${ppn:15:right}",
            "                                                  ${address2:11} : ${grandtotal:15:right}",
            "",
            "",
            "",
            "                                                  Print By : ${sperson:18}",
            "                                                  Date     : ${tgl:18}"
        ]
    }
}