{
    "pageFormat": {
        "pageWidth": 80,                                                   
        "pageLength": 50,                                                  
        "usePageLengthFromPrinter": false                                  
    },
    "template": {
        "header": [
            "                           %{BOLD}Lembar Kerja Stock Opname%{BOLD}                           ",
            "                           %{BOLD}__________________________%{BOLD}                           ",
            ""
        ],
        "detail": [
            "",
            "No Stock Opname : ${noterima:17}",
            "Store Name      : ${sname:17}",
            "Tanggal         : ${tglterima:17}",
            "",
            {
                "table": "table_source",                                   
                "border": true,
                "columns": [
                    { "caption": "NO", "source": "no", "width": 5 },
                    { "caption": "NAMA ITEM", "source": "nama", "width": 35, "wrap": true },
                    { "caption": "QTY/EA", "source": "qty", "width": 20 },
                    { "caption": "BARCODE", "source": "barcode", "width": 19 }
                ]
            },
            "",
            "",
            "",
            "                                                  Print By : ${sperson:18}",
            "                                                  Date     : ${tgl:18}"
        ]
    }
}