{
    "pageFormat": {
        "pageWidth": 80,                                                   
        "pageLength": 50,                                                  
        "usePageLengthFromPrinter": false                                  
    },
    "template": {
        "header": [
            "                              %{BOLD}Transfer Issue Store%{BOLD}                              ",
            "                              %{BOLD}____________________%{BOLD}                              ",
            ""
        ],
        "detail": [
            "",
            "Transfer Date  : ${tglterima:17}          Dari           : ${address1:17}",
            "No Transfer    : ${noterima:17}          Tujuan         : ${address2:17}",
            "",
            {
                "table": "table_source",                                   
                "border": true,
                "columns": [
                    { "caption": "CODE", "source": "code", "width": 15 },
                    { "caption": "MERK", "source": "merk", "width": 20, "wrap": true },
                    { "caption": "CATEGORY", "source": "category", "width": 20, "wrap": true },
                    { "caption": "ARTICLE", "source": "article", "width": 14 },
                    { "caption": "QUANTITY", "source": "qty", "width": 10 }
                ]
            },
            "",
            "",
            "",
            "                                                  Print By : ${sperson:18}",
            "                                                  Date     : ${tgl:18}"
        ]
    }
}