{
    "pageFormat": {
        "pageWidth": 80,                                                   
        "pageLength": 50,                                                  
        "usePageLengthFromPrinter": false                                  
    },
    "template": {
        "header": [
            "%{BOLD}Purchase Order%{BOLD}",
            "%{BOLD}${title}%{BOLD}",
            "%{BOLD}NPWP: %{BOLD}${npwp}",
            "%{BOLD}ADDRESS: %{BOLD}${address1}",
            "         ${address2}"
        ],
        "detail": [
            "%{BOLD}________________________________________________________________________________%{BOLD}",
            "P.O. No.   : ${po}",
            "",
            "",
            "%{UNDERLINE}%{BOLD}Supplier                            %{BOLD}%{UNDERLINE}        %{UNDERLINE}%{BOLD}Ship To                             %{BOLD}%{UNDERLINE}",
            "Name    : ${sname:24}          Name    : ${tname:24}",
            "Address : ${saddress:32}  Address : ${taddress:32}",
            "",
            "City    : ${scity:24}          City    : ${tcity:24}",
            "Phone   : ${sphone:24}          Phone   : ${tphone:24}",
            "Fax     : ${sfax:24}          Fax     : ${tfax:24}",
            "Email   : ${semail:24}          NPWP    : ${tnpwp:24}",
            "Contact",
            "Person  : ${sperson:24}",
            {
                "table": "table_source",                                   
                "border": true,
                "columns": [
                    { "caption": "No.", "source": "no", "width": 4 },
                    { "caption": "Item Code", "source": "code", "width": 9 },
                    { "caption": "Name", "source": "name", "width": 24 },
                    { "caption": "Qty", "source": "qty", "width": 6 },
                    { "caption": "Unit", "source": "unit", "width": 8 },
                    { "caption": "Unit Price", "source": "price", "width": 14 },
                    { "caption": "Subtotal", "source": "subtotal", "width": 14 }
                ]
            },
            "                                                    Total       : ${total:14}",
            "                                                    PPN         : ${ppn:14}",
            "                                                    Grand Total : ${grandtotal:14}"
        ]
    }
}