<?xml version="1.0" encoding="UTF-8"?>
<project-private xmlns="http://www.netbeans.org/ns/project-private/1">
    <editor-bookmarks xmlns="http://www.netbeans.org/ns/editor-bookmarks/2" lastBookmarkId="0"/>
    <open-files xmlns="http://www.netbeans.org/ns/projectui-open-files/2">
        <group>
            <file>file:/home/dean/Code/epson/src/epson/template_tis.json</file>
            <file>file:/home/dean/Code/epson/src/epson/template_lkso.json</file>
            <file>file:/home/dean/Code/epson/src/epson/Epson.java</file>
            <file>file:/home/dean/Code/epson/build.xml</file>
        </group>
    </open-files>
</project-private>
